1505760544203896045,NOLIGHT
1505760544220179080,NOLIGHT
1505760544391547918,NOLIGHT
1505760544516895055,NOLIGHT
1505760544622653007,NOLIGHT
1505760544902861118,NOLIGHT
1505760545098054885,NOLIGHT
1505760545311064004,NOLIGHT
1505760545469048976,NOLIGHT
1505760545569473028,NOLIGHT
1505760545611463069,NOLIGHT
1505760545828875064,NOLIGHT
1505760545949486970,NOLIGHT
1505760546067775011,NOLIGHT
1505760546173321008,NOLIGHT
1505760546269562959,NOLIGHT
1505760546348867893,NOLIGHT
1505760546446809053,NOLIGHT
1505760546562025070,NOLIGHT
1505760546645325899,NOLIGHT
1505760546756709098,NOLIGHT
1505760546866265058,NOLIGHT
1505760546885956048,NOLIGHT
1505760547161586999,NOLIGHT
1505760547279602050,NOLIGHT
1505760547381964921,NOLIGHT
1505760547477662086,NOLIGHT
1505760547524355888,NOLIGHT
1505760547792675018,NOLIGHT
1505760547834587097,NOLIGHT
1505760548065159082,NOLIGHT
1505760548148755073,NOLIGHT
1505760548244266986,NOLIGHT
1505760548350294113,NOLIGHT
1505760548452459096,NOLIGHT
1505760548547319889,NOLIGHT
1505760548572314023,NOLIGHT
1505760548805572032,NOLIGHT
1505760548861968994,NOLIGHT
1505760549078831911,NOLIGHT
1505760549216506958,NOLIGHT
1505760549323579072,NOLIGHT
1505760549414951086,NOLIGHT
1505760549527935028,NOLIGHT
1505760549661389112,NOLIGHT
1505760549767216920,NOLIGHT
1505760549892914056,NOLIGHT
1505760549978080034,NOLIGHT
1505760550100075006,NOLIGHT
1505760550217716932,NOLIGHT
1505760550313642024,NOLIGHT
1505760550533093929,NOLIGHT
1505760550552596092,NOLIGHT
1505760550673041105,NOLIGHT
1505760550908235073,NOLIGHT
1505760551114896059,NOLIGHT
1505760551256055116,NOLIGHT
1505760551286809921,NOLIGHT
1505760551405510902,NOLIGHT
1505760551529125928,NOLIGHT
1505760551675479888,NOLIGHT
1505760551869884967,NOLIGHT
1505760551924397945,NOLIGHT
1505760552163316965,NOLIGHT
1505760552170613050,NOLIGHT
1505760552290508985,NOLIGHT
1505760552504029035,NOLIGHT
1505760552550651073,NOLIGHT
1505760552699402093,NOLIGHT
1505760552806915998,NOLIGHT
1505760553040132045,NOLIGHT
1505760553104593038,NOLIGHT
1505760553229680061,NOLIGHT
1505760553446768999,NOLIGHT
1505760553544126987,NOLIGHT
1505760553556302070,NOLIGHT
1505760553805602073,NOLIGHT
1505760553917016029,NOLIGHT
1505760554058938980,NOLIGHT
1505760554257318019,NOLIGHT
1505760554267596006,RED
1505760554380635023,RED
1505760554488200902,RED
1505760554599828004,RED
1505760554622330904,RED
1505760554723077058,RED
1505760554844775915,RED
1505760555085148096,RED
1505760555145701885,RED
1505760555215653896,RED
1505760555426057100,RED
1505760555507697105,RED
1505760555549158096,RED
1505760555662167072,RED
1505760555857093095,RED
1505760555989655971,RED
1505760556103553056,RED
1505760556229928970,RED
1505760556268428087,RED
1505760556393136978,RED
1505760556480161905,RED
1505760556520206928,RED
1505760556684379100,RED
1505760556819499969,RED
1505760556910396099,RED
1505760557013372898,RED
1505760557049640893,RED
1505760557242312908,RED
1505760557329217910,RED
1505760557408792972,RED
1505760557441107034,RED
1505760557627789974,RED
1505760557719335079,RED
1505760557769409894,RED
1505760557975429058,RED
1505760558083709955,RED
1505760558153737068,RED
1505760558254287004,RED
1505760558332477092,RED
1505760558422498941,RED
1505760558446048021,RED
1505760558547485113,RED
1505760558672575950,RED
1505760558952647924,RED
1505760559035520076,RED
1505760559125540018,RED
1505760559327120065,RED
1505760559346771955,RED
1505760559431471109,RED
1505760559627537965,RED
1505760559683604001,RED
1505760559808370113,RED
1505760560020467996,RED
1505760560082632064,RED
1505760560143922090,RED
1505760560167304039,RED
1505760560266536951,RED
1505760560358540058,RED
1505760560459070920,RED
1505760560640466928,RED
1505760560834165096,RED
1505760560878652095,RED
1505760561090368032,RED
1505760561176947116,RED
1505760561278595924,RED
1505760561289149999,RED
1505760561388220071,RED
1505760561495560884,RED
1505760561575604915,RED
1505760561681268930,RED
1505760561878962039,RED
1505760561908984899,RED
1505760562060964107,RED
1505760562179117918,RED
1505760562276427030,RED
1505760562375152111,RED
1505760562482161045,RED
1505760562505525112,RED
1505760562691886901,RED
1505760562840797901,RED
1505760562931248903,GREEN
1505760563030880928,GREEN
1505760563172986984,GREEN
1505760563261817932,GREEN
1505760563359591960,GREEN
1505760563479887008,GREEN
1505760563570424079,GREEN
1505760563794043064,GREEN
1505760563851356029,GREEN
1505760564082237958,GREEN
1505760564188092947,GREEN
1505760564320410966,GREEN
1505760564381220102,GREEN
1505760564474807977,GREEN
1505760564557046890,GREEN
1505760564698143959,GREEN
1505760564892868995,GREEN
1505760565042454957,GREEN
1505760565143385887,GREEN
1505760565234766960,GREEN
1505760565379858016,GREEN
1505760565448640108,GREEN
1505760565488665103,GREEN
1505760565596626043,GREEN
1505760565738517999,GREEN
1505760565997097969,GREEN
1505760566268389940,GREEN
1505760566345529079,GREEN
1505760566371033906,GREEN
1505760566461267948,GREEN
1505760566724333047,GREEN
1505760566841049909,GREEN
1505760566966730117,GREEN
1505760567192158937,GREEN
1505760567300954103,GREEN
1505760567360116958,GREEN
1505760567481478929,GREEN
1505760567558919906,GREEN
1505760567587006092,GREEN
1505760567689465045,GREEN
1505760567817317008,YELLOW
1505760567896008014,YELLOW
1505760568056658983,YELLOW
1505760568130065917,YELLOW
1505760568214977025,YELLOW
1505760568310476064,YELLOW
1505760568339313030,YELLOW
1505760568515613079,YELLOW
1505760568679122924,YELLOW
1505760568707555055,YELLOW
1505760568806284904,YELLOW
1505760568976142883,YELLOW
1505760569068690061,YELLOW
1505760569168330907,YELLOW
1505760569348175048,YELLOW
1505760569379072904,YELLOW
1505760569519931077,YELLOW
1505760569626813888,YELLOW
1505760569760509014,YELLOW
1505760569785121917,YELLOW
1505760569999253034,RED
1505760570036844015,RED
1505760570245590925,RED
1505760570337367057,RED
1505760570436942100,RED
1505760570456562995,RED
1505760570607491970,RED
1505760570649487972,RED
1505760570745543956,RED
1505760570920499086,RED
1505760571168741941,RED
1505760571278193950,RED
1505760571312763929,RED
1505760571514714956,RED
1505760571545715093,RED
1505760571736409902,RED
1505760571855379104,RED
1505760571861617088,RED
1505760572077024936,RED
1505760572171778917,RED
1505760572316272020,RED
1505760572403316020,RED
1505760572429375886,RED
1505760572564852952,RED
1505760572721656084,RED
1505760572844872951,RED
1505760573003905057,RED
1505760573115519046,RED
1505760573252535104,RED
1505760573360274076,RED
1505760573385318994,RED
1505760573562906980,RED
1505760573651752948,RED
1505760573707686901,RED
1505760573853771924,RED
1505760573959080934,RED
1505760574085903882,RED
1505760574263911962,RED
1505760574368566036,RED
1505760574475975990,RED
1505760574525490045,RED
1505760574726341962,RED
1505760574818938970,RED
1505760574935003995,RED
1505760574965734004,RED
1505760575223032951,RED
1505760575306565999,RED
1505760575339577913,RED
1505760575571418046,RED
1505760575690339088,RED
1505760575899458885,RED
1505760576001755952,RED
1505760576026073932,RED
1505760576221195936,RED
1505760576341196060,RED
1505760576474786996,RED
1505760576487847089,RED
1505760576676147937,RED
1505760576907500028,RED
1505760577100219964,RED
1505760577223155975,RED
1505760577312834978,RED
1505760577447164058,RED
1505760577554214000,RED
1505760577664088964,RED
1505760577816508054,RED
1505760577865715026,RED
1505760578004652976,RED
1505760578222513914,RED
1505760578248073101,RED
1505760578459103107,RED
1505760578564878940,RED
1505760578708007097,RED
1505760578747900009,RED
1505760578949682950,RED
1505760578966238975,RED
1505760579190524101,RED
1505760579220633029,RED
1505760579316921949,RED
1505760579406094074,RED
1505760579547219038,RED
1505760579695271015,RED
1505760579747241020,RED
1505760579933760881,RED
1505760580027873039,RED
1505760580139065980,RED
1505760580346606016,RED
1505760580429238080,RED
1505760580580209016,RED
1505760580621440887,RED
1505760580764971971,RED
1505760580850672006,RED
1505760581002795934,RED
1505760581120723009,RED
1505760581238476991,NOLIGHT
1505760581329262018,NOLIGHT
1505760581422593116,NOLIGHT
1505760581541691064,NOLIGHT
1505760581633778095,NOLIGHT
1505760581734093904,NOLIGHT
1505760581859814882,NOLIGHT
1505760582030204057,NOLIGHT
1505760582145296096,NOLIGHT
1505760582219846963,NOLIGHT
1505760582376386880,NOLIGHT
1505760582446058988,NOLIGHT
1505760582544697999,NOLIGHT
1505760582707154035,NOLIGHT
1505760582806199073,NOLIGHT
1505760582816917896,NOLIGHT
1505760582932974100,NOLIGHT
1505760583077423095,NOLIGHT
1505760583173737049,NOLIGHT
1505760583285320043,NOLIGHT
1505760583334716081,NOLIGHT
1505760583435873031,NOLIGHT
1505760583540456056,NOLIGHT
1505760583647661924,NOLIGHT
1505760583758552074,NOLIGHT
1505760583784636974,NOLIGHT
1505760583874417066,NOLIGHT
1505760584050973892,NOLIGHT
1505760584142716884,NOLIGHT
1505760584214309930,NOLIGHT
1505760584284063100,NOLIGHT
1505760584373030900,NOLIGHT
1505760584602300882,NOLIGHT
1505760584719671964,NOLIGHT
1505760584840570926,NOLIGHT
1505760584983715057,NOLIGHT
1505760585103233098,NOLIGHT
1505760585239238977,NOLIGHT
1505760585349400043,NOLIGHT
1505760585376054048,NOLIGHT
1505760585466012001,NOLIGHT
1505760585523405075,NOLIGHT
1505760585537046909,NOLIGHT
1505760585668493986,NOLIGHT
1505760585803180932,NOLIGHT
1505760585923202037,NOLIGHT
1505760586022576093,NOLIGHT
1505760586109452009,NOLIGHT
1505760586170289993,NOLIGHT
1505760586270988941,NOLIGHT
1505760586376199960,NOLIGHT
1505760586493230104,NOLIGHT
1505760586633690118,NOLIGHT
1505760586793529987,NOLIGHT
1505760586972100019,NOLIGHT
1505760587123121976,NOLIGHT
1505760587341902971,NOLIGHT
1505760587427125930,NOLIGHT
1505760587773392915,NOLIGHT
1505760588118321895,NOLIGHT
1505760588155874013,NOLIGHT
1505760588397841930,NOLIGHT
1505760588590622901,NOLIGHT
1505760588751379966,NOLIGHT
1505760588809726953,NOLIGHT
1505847169107111930,RED
1505847169362752914,RED
1505847169433362960,RED
1505847169507194042,RED
1505847169529316902,RED
1505847169666157007,RED
1505847169681545972,RED
1505847169790685892,RED
1505847169901815891,RED
1505847170117625951,RED
1505847170207858085,RED
1505847170272237062,RED
1505847170345412969,RED
1505847170456571102,RED
1505847170472261905,RED
1505847170585289001,RED
1505847170763848066,RED
1505847170796849966,RED
1505847170897166013,RED
1505847171107716083,RED
1505847171210443019,RED
1505847171312510013,RED
1505847171424639940,RED
1505847171492372989,RED
1505847171571710109,RED
1505847171679482936,RED
1505847171791656017,RED
1505847171909861087,RED
1505847171944663047,RED
1505847172058484077,RED
1505847172190629005,RED
1505847172292598009,RED
1505847172309362888,RED
1505847172413199901,RED
1505847172523626089,RED
1505847172634618043,RED
1505847172761961936,RED
1505847172852428913,RED
1505847172877379894,RED
1505847172974457979,RED
1505847173182890892,RED
1505847173208081007,RED
1505847173407785892,RED
1505847173422327995,RED
1505847173534008979,RED
1505847173606015920,RED
1505847173674978017,RED
1505847173789417028,RED
1505847173895812988,RED
1505847173993350982,RED
1505847174134064912,RED
1505847174270715951,RED
1505847174346771001,RED
1505847174445662975,RED
1505847174472110033,RED
1505847174660985946,RED
1505847174664182901,RED
1505847174787400960,RED
1505847174872438907,RED
1505847174986623048,RED
1505847175192384958,RED
1505847175287211894,RED
1505847175414391040,RED
1505847175509037017,RED
1505847175607702016,RED
1505847175674505949,RED
1505847175688714981,RED
1505847175846369028,RED
1505847175873974084,RED
1505847176056946992,RED
1505847176092495918,RED
1505847176193326950,RED
1505847176379218101,RED
1505847176500905036,RED
1505847176589149951,RED
1505847176604135036,RED
1505847176726161003,RED
1505847176820188045,RED
1505847176884294033,RED
1505847177037820100,RED
1505847177153255939,RED
1505847177247762918,RED
1505847177370146036,RED
1505847177459826946,RED
1505847177490564107,RED
1505847177588222026,RED
1505847177684366941,RED
1505847177778477907,RED
1505847177892493009,RED
1505847177997653007,RED
1505847178199474096,RED
1505847178291362047,RED
1505847178311805009,RED
1505847178443953037,RED
1505847178533313989,RED
1505847178600959062,RED
1505847178673173904,RED
1505847178772953033,RED
1505847178876693964,RED
1505847178983733892,RED
1505847179180347919,RED
1505847179191895008,RED
1505847179404170989,GREEN
1505847179520536899,GREEN
1505847179625665903,GREEN
1505847179741549015,GREEN
1505847179806344985,GREEN
1505847179877212047,GREEN
1505847180062697887,GREEN
1505847180082751989,GREEN
1505847180282473087,GREEN
1505847180387973070,GREEN
1505847180496752977,GREEN
1505847180596887111,GREEN
1505847180706188917,GREEN
1505847180723910093,GREEN
1505847180788927078,GREEN
1505847180874166011,GREEN
1505847180958580970,GREEN
1505847181164109945,GREEN
1505847181261481046,GREEN
1505847181378083944,GREEN
1505847181495702981,GREEN
1505847181593558073,GREEN
1505847181702086925,GREEN
1505847181807851076,GREEN
1505847181905848026,GREEN
1505847182123337984,GREEN
1505847182216527938,GREEN
1505847182290055990,GREEN
1505847182369009971,GREEN
1505847182467015027,GREEN
1505847182492608070,GREEN
1505847182672868013,GREEN
1505847182692171096,GREEN
1505847182875780105,GREEN
1505847182984031915,GREEN
1505847183097377061,GREEN
1505847183199649095,GREEN
1505847183304258108,GREEN
1505847183330234050,YELLOW
1505847183444442033,YELLOW
1505847183515239000,YELLOW
1505847183600485086,YELLOW
1505847183692780971,YELLOW
1505847183894227027,YELLOW
1505847184004679918,YELLOW
1505847184129163026,YELLOW
1505847184210727930,YELLOW
1505847184303035974,YELLOW
1505847184395885944,YELLOW
1505847184466341972,YELLOW
1505847184572673082,YELLOW
1505847184672892093,YELLOW
1505847184682477951,YELLOW
1505847184790294885,YELLOW
1505847184901295900,YELLOW
1505847185019157886,YELLOW
1505847185212810993,YELLOW
1505847185326492071,YELLOW
1505847185392865896,YELLOW
1505847185470563888,RED
1505847185509797096,RED
1505847185594172954,RED
1505847185706653118,RED
1505847185893589973,RED
1505847185916301965,RED
1505847186109780073,RED
1505847186245737075,RED
1505847186331515073,RED
1505847186410808086,RED
1505847186488913059,RED
1505847186503231048,RED
1505847186698730945,RED
1505847186716459989,RED
1505847186824419975,RED
1505847187003077983,RED
1505847187020895957,RED
1505847187119872093,RED
1505847187218638896,RED
1505847187479710102,RED
1505847187544590950,RED
1505847187602927923,RED
1505847187611531972,RED
1505847187723649978,RED
1505847187840933084,RED
1505847187917224884,NOLIGHT
1505847188100856065,NOLIGHT
1505847188103990077,NOLIGHT
1505847188235971927,NOLIGHT
1505847188387147903,NOLIGHT
1505847188462713003,NOLIGHT
1505847188493186950,NOLIGHT
1505847188608215093,NOLIGHT
1505847188731034040,NOLIGHT
1505847188873898029,NOLIGHT
1505847188904150962,NOLIGHT
1505847189075392007,NOLIGHT
1505847189190484046,NOLIGHT
1505847189209155082,NOLIGHT
1505847189431230068,NOLIGHT
1505847189496274948,NOLIGHT
1505847189583484888,NOLIGHT
1505847189712846040,NOLIGHT
1505847189808449029,NOLIGHT
1505847189936346054,NOLIGHT
1505847190061877965,NOLIGHT
1505847190138712882,NOLIGHT
1505847190200732946,NOLIGHT
1505847190408607959,NOLIGHT
1505847190436395883,NOLIGHT
1505847190542237043,NOLIGHT
1505847190606642007,NOLIGHT
1505847190681338071,NOLIGHT
1505847190805371999,NOLIGHT
1505847191015239953,NOLIGHT
1505847191146825075,NOLIGHT
1505847191220031976,NOLIGHT
1505847191241205930,NOLIGHT
1505847191410810947,NOLIGHT
1505847191517817974,NOLIGHT
1505847191676630973,NOLIGHT
1505847191681574106,NOLIGHT
1505847191774590969,NOLIGHT
1505847191887749910,NOLIGHT
1505847192014184951,NOLIGHT
1505847192225003957,NOLIGHT
1505847192295016050,NOLIGHT
1505847192398612022,NOLIGHT
1505847192493405103,NOLIGHT
1505847192497726917,NOLIGHT
1505847192606144905,NOLIGHT
1505847192816207885,NOLIGHT
1505847192915613889,NOLIGHT
1505847192934634923,NOLIGHT
1505847193011516094,NOLIGHT
1505849375499521970,RED
1505849375727989912,RED
1505849375771686077,RED
1505849375917210102,RED
1505849376036997079,RED
1505849376145750045,RED
1505849376176489114,RED
1505849376299385070,RED
1505849376322619915,RED
1505849376481667995,RED
1505849376528383016,RED
1505849376668889999,RED
1505849376797921895,RED
1505849376910032033,RED
1505849376997179985,RED
1505849377041014909,RED
1505849377210412979,RED
1505849377244023084,RED
1505849377314812898,RED
1505849377466742992,RED
1505849377607052087,RED
1505849377723701953,RED
1505849377893091917,RED
1505849377918895006,RED
1505849378024667024,RED
1505849378204417943,RED
1505849378297852039,RED
1505849378383203029,RED
1505849378469470024,RED
1505849378637574911,RED
1505849378738001108,RED
1505849378834553956,RED
1505849378921215057,RED
1505849379003719091,RED
1505849379114217042,RED
1505849379208575010,RED
1505849379233453035,RED
1505849379305891036,RED
1505849379421613931,RED
1505849379628683090,RED
1505849379725748062,RED
1505849379797950983,RED
1505849379905879020,RED
1505849379951805114,RED
1505849380027298927,RED
1505849380148192882,RED
1505849380292324066,RED
1505849380319053888,RED
1505849380406537055,RED
1505849380631972074,GREEN
1505849380719542026,GREEN
1505849380821645975,GREEN
1505849380837024927,GREEN
1505849381004479885,GREEN
1505849381114172935,GREEN
1505849381144238948,GREEN
1505849381318011999,GREEN
1505849381346901893,GREEN
1505849381492604017,GREEN
1505849381508380889,GREEN
1505849381632745981,GREEN
1505849381811321020,GREEN
1505849381929183006,GREEN
1505849382030658960,GREEN
1505849382070591926,GREEN
1505849382214901924,GREEN
1505849382303374052,GREEN
1505849382317991971,GREEN
1505849382479883909,GREEN
1505849382511681079,GREEN
1505849382613676071,GREEN
1505849382796814918,GREEN
1505849382897285938,GREEN
1505849382963864088,GREEN
1505849383016333103,GREEN
1505849383190834045,GREEN
1505849383213742971,GREEN
1505849383327605962,GREEN
1505849383432199001,GREEN
1505849383515091896,GREEN
1505849383675932884,GREEN
1505849383822460889,GREEN
1505849383833199977,GREEN
1505849383983040094,GREEN
1505849384072681903,GREEN
1505849384206449985,GREEN
1505849384290338039,GREEN
1505849384313481092,GREEN
1505849384406440973,GREEN
1505849384610289096,YELLOW
1505849384706747055,YELLOW
1505849384826638936,YELLOW
1505849384893944025,YELLOW
1505849384906445980,YELLOW
1505849385027471065,YELLOW
1505849385189059019,YELLOW
1505849385220045089,YELLOW
1505849385308748960,YELLOW
1505849385419835090,YELLOW
1505849385537720918,YELLOW
1505849385709621906,YELLOW
1505849385775564908,YELLOW
1505849385929217100,YELLOW
1505849386028688907,YELLOW
1505849386168837070,YELLOW
1505849386306502103,YELLOW
1505849386337455987,YELLOW
1505849386480643033,YELLOW
1505849386581609010,RED
1505849386715498924,RED
1505849386822115898,RED
1505849386981571912,RED
1505849387197052955,RED
1505849387245461940,RED
1505849387258322954,RED
1505849387381093025,RED
1505849387523999929,RED
1505849387559041023,RED
1505849387734087944,RED
1505849387810640096,RED
1505849387918035984,RED
1505849388027410030,RED
1505849388052817106,RED
1505849388133208990,RED
1505849388208081960,RED
1505849388304371118,RED
1505849388419989109,RED
1505849388544810056,RED
1505849388680583953,RED
1505849388818845033,RED
1505849388905014038,RED
1505849388995688915,RED
1505849389027028083,RED
1505849389157159090,RED
1505849389215976953,RED
1505849389388547897,RED
1505849389410784006,RED
1505849389527638912,RED
1505849389714638948,RED
1505849389804728984,RED
1505849389889287948,RED
1505849389982203960,RED
1505849390017971038,RED
1505849390183238983,RED
1505849390210843086,RED
1505849390325882911,RED
1505849390492741107,RED
1505849390540621042,RED
1505849390622936964,RED
1505849390722115993,RED
1505849390905637979,RED
1505849390995634078,RED
1505849391082973003,RED
1505849391095623016,RED
1505849391214199066,RED
1505849391318706989,RED
1505849391403522014,RED
1505849391604734897,RED
1505849391690922975,RED
1505849391780976057,RED
1505849391871995925,RED
1505849392011348009,RED
1505849392085724115,RED
1505849392115585088,RED
1505849392225023031,RED
1505849392337400913,RED
1505849392410984039,RED
1505849392559079885,RED
1505849392688661098,RED
1505849392792524099,RED
1505849392824064016,RED
1505849393003608942,RED
1505849393027332067,RED
1505849393166749954,RED
1505849393305500030,RED
1505849393387937068,RED
1505849393411312103,RED
1505849393526437997,RED
1505849393649215936,RED
1505849393791796922,RED
1505849393864238977,RED
1505849394008475065,RED
1505849394049016952,RED
1505849394110991001,RED
1505849394227958917,RED
1505849394402492046,RED
1505849394490835905,RED
1505849394524458885,RED
1505849394680831909,RED
1505849394811763048,RED
1505849394836110115,RED
1505849394999358892,RED
1505849395119821071,RED
1505849395231609106,RED
1505849395318790912,RED
1505849395503784894,RED
1505849395600016117,RED
1505849395710186004,RED
1505849395783103942,RED
1505849395914223909,RED
1505849396018723011,RED
1505849396042032957,RED
1505849396140337944,RED
1505849396266549110,RED
1505849396315362930,RED
1505849396479331016,RED
1505849396499506950,RED
1505849396734546899,RED
1505849396815360069,RED
1505849396890394926,RED
1505849396928822994,RED
1505849397018568992,RED
1505849397219634056,RED
1505849397245138883,RED
1505849397394507884,RED
1505849397466927051,RED
1505849397638803005,RED
1505849397697526931,RED
1505849397724874019,RED
1505849397926578998,RED
1505849398010708093,RED
1505849398100532054,RED
1505849398177464008,RED
1505849398198189973,RED
1505849398405112981,RED
1505849398429363012,RED
1505849398537720918,RED
1505849398669965982,RED
1505849398730870962,RED
1505849398905579090,RED
1505849399010279893,RED
1505849399077872991,RED
1505849399206754922,RED
1505849399293164968,RED
1505849399318802118,RED
1505849399404099941,RED
1505849399511091947,RED
1505849399684391021,RED
1505849399765194892,RED
1505849399909706115,RED
1505849399955296993,RED
1505849400017134904,RED
1505849400160231113,RED
1505849400296564102,RED
1505849400328789949,RED
1505849400417011976,RED
1505849400606478929,RED
1505849400698369026,RED
1505849400800801992,RED
1505849400877443075,RED
1505849400917177915,RED
1505849401021572113,RED
1505849401135127067,RED
1505849401200335979,RED
1505849401411612987,RED
1505849401447364091,RED
1505849401526819944,RED
1505849401623884916,RED
1505849401805556058,RED
1505849401893984079,RED
1505849401995652914,RED
1505849402016777038,RED
1505849402200351953,RED
1505849402283330917,RED
1505849402306297063,RED
1505849402516618967,RED
1505849402549700021,RED
1505849402720690011,RED
1505849402775999069,RED
1505849402876214027,RED
1505849403017937898,RED
1505849403044358015,RED
1505849403182617902,RED
1505849403206675052,RED
1505849403409127950,RED
1505849403488581895,RED
1505849403505163908,RED
1505849403612597942,RED
1505849403823368072,RED
1505849403903023004,RED
1505849403984297990,RED
1505849403996690034,RED
1505849404208309888,RED
1505849404225538015,RED
1505849404312956094,RED
1505849404408309936,RED
1505849404608098983,RED
1505849404688144922,RED
1505849404791870117,RED
1505849404913742065,RED
1505849405027401924,RED
1505849405108071088,RED
1505849405170794963,RED
1505849405225133895,RED
1505849405345941066,RED
1505849405479897975,RED
1505849405500009059,RED
1505849405704685926,RED
1505849405803468942,RED
1505849405894942998,RED
1505849405991497993,RED
1505849406026168107,RED
1505849406200380086,RED
1505849406279767036,RED
1505849406365505933,RED
1505849406505800008,RED
1505849406584275960,RED
1505849406699388980,RED
1505849406793520927,RED
1505849406887758016,RED
1505849407037440061,RED
1505849407051522970,RED
1505849407143543958,RED
1505849407218101024,RED
1505849407294565916,RED
1505849407506099939,RED
1505849407594185113,RED
1505849407682979106,RED
1505849407772672891,RED
1505849407880487918,RED
1505849407925826072,RED
1505849408094924926,RED
1505849408188863039,RED
1505849408276282072,RED
1505849408309058904,RED
1505849408513365983,RED
1505849408601439952,RED
1505849408720639944,RED
1505849408784615039,RED
1505849408876104116,GREEN
1505849409028347969,GREEN
1505849409061053991,GREEN
1505849409133430004,GREEN
1505849409225338935,GREEN
1505849409375312089,GREEN
1505849409537952899,GREEN
1505849409579791069,GREEN
1505849409730365037,GREEN
1505849409809636116,GREEN
1505849409933788061,GREEN
1505849409974600076,GREEN
1505849410088510036,GREEN
1505849410132697105,GREEN
1505849410307512998,GREEN
1505849410392819881,GREEN
1505849410423346042,GREEN
1505849410495001077,GREEN
1505849410600910902,GREEN
1505849410721609115,GREEN
1505849410934297084,GREEN
1505849411022145986,GREEN
1505849411031248092,GREEN
1505849411163072109,GREEN
1505849411227448940,GREEN
1505849411337847948,GREEN
1505849411486128091,GREEN
1505849411501770019,GREEN
1505849411696918964,GREEN
1505849411815131902,GREEN
1505849411898746013,GREEN
1505849411948710918,GREEN
1505849412012053966,GREEN
1505849412103806018,GREEN
1505849412317368030,GREEN
1505849412407912015,GREEN
1505849412494565010,GREEN
1505849412602718114,GREEN
1505849412694024085,GREEN
1505849412784251928,GREEN
1505849412936578989,YELLOW
1505849413043344020,YELLOW
1505849413077125072,YELLOW
1505849413167275905,YELLOW
1505849413263384103,YELLOW
1505849413369549989,YELLOW
1505849413516357898,YELLOW
1505849413534616947,YELLOW
1505849413701378107,YELLOW
1505849413807960987,YELLOW
1505849413892977952,YELLOW
1505849413998416900,YELLOW
1505849414023865938,YELLOW
1505849414172246932,YELLOW
1505849414338802099,YELLOW
1505849414355969905,YELLOW
1505849414458983898,YELLOW
1505849414624453067,YELLOW
1505849414716218948,YELLOW
1505849414846581935,YELLOW
1505849414950062990,YELLOW
1505849415054822921,RED
1505849415062999010,RED
1505849415157264947,RED
1505849415329421043,RED
1505849415423382043,RED
1505849415525460958,RED
1505849415616612911,RED
1505849415722067117,RED
1505849415813133001,NOLIGHT
1505849415912950992,NOLIGHT
1505849416016733884,NOLIGHT
1505849416033839941,NOLIGHT
1505849416183758020,NOLIGHT
1505849416217811107,NOLIGHT
1505849416304415941,NOLIGHT
1505849416529592037,NOLIGHT
1505849416628880023,NOLIGHT
1505849416676629066,NOLIGHT
1505849416840315103,NOLIGHT
1505849416938822984,NOLIGHT
1505849417038075923,NOLIGHT
1505849417131747007,NOLIGHT
1505849417297161102,NOLIGHT
1505849417328840017,NOLIGHT
1505849417424791097,NOLIGHT
1505849417506551980,NOLIGHT
1505849417618266105,NOLIGHT
1505849417780457019,NOLIGHT
1505849417837677955,NOLIGHT
1505849417963916063,RED
1505849418057152032,RED
1505849418141751050,RED
1505849418239511013,RED
1505849418331295967,RED
1505849418436841011,RED
1505849418544766902,RED
1505849418694132089,RED
1505849418704974889,RED
1505849418899398088,RED
1505849418983458042,RED
1505849419110162019,RED
1505849419143676042,RED
1505849419219769954,RED
1505849419307095050,RED
1505849419422724962,RED
1505849419528794050,RED
1505849419622402906,RED
1505849419796916961,RED
1505849419878221035,RED
1505849419974898099,RED
1505849420099672079,RED
1505849420179302930,RED
1505849420200462102,RED
1505849420318762063,RED
1505849420428788900,RED
1505849420498711109,RED
1505849420722297906,RED
1505849420803088903,RED
1505849420890225887,RED
1505849421005162954,RED
1505849421118185997,RED
1505849421209283113,RED
1505849421283986091,RED
1505849421306900978,RED
1505849421416131019,RED
1505849421507153987,RED
1505849421617558956,RED
1505849421794876098,RED
1505849421880373001,RED
1505849422023672103,RED
1505849422119226932,RED
1505849422205136060,RED
1505849422322869062,RED
1505849422427531003,RED
1505849422500715970,RED
1505849422738723039,RED
1505849422814713001,RED
1505849422956995010,RED
1505849423101444959,RED
1505849423194112062,RED
1505849423213406085,RED
1505849423288316965,RED
1505849423490219116,RED
1505849423521347045,RED
1505849423658910036,RED
1505849423806942939,RED
1505849423881450891,RED
1505849424005253076,RED
1505849424029366016,RED
1505849424192626953,RED
1505849424218476057,RED
1505849424304984092,RED
1505849424417541027,RED
1505849424595937967,RED
1505849424698849916,RED
1505849424786992073,RED
1505849424906022071,RED
1505849424988236904,RED
1505849425028315067,RED
1505849425155328035,RED
1505849425299973011,RED
1505849425377294063,RED
1505849425416757106,RED
1505849425608480930,RED
1505849425692301988,RED
1505849425795443058,RED
1505849425923119068,RED
1505849426013416051,RED
1505849426087424039,RED
1505849426166575908,RED
1505849426303632020,RED
1505849426384566068,RED
1505849426402837991,RED
1505849426615979909,RED
1505849426704898118,RED
1505849426804804086,RED
1505849426898138046,RED
1505849427015167951,RED
1505849427037246942,RED
1505849427123117923,RED
1505849427227058887,RED
1505849427375984907,RED
1505849427548155069,RED
1505849427637712001,RED
1505849427758306026,RED
1505849427867630958,RED
1505849427917895078,RED
1505849428016700983,RED
1505849428094053983,RED
1505849428213512897,RED
1505849428252515077,RED
1505849428392028093,RED
1505849428480171918,RED
1505849428575819969,RED
1505849428716953039,RED
1505849428791431903,RED
1505849428891510009,RED
1505849428997761011,RED
1505849429033972978,RED
1505849429143685102,RED
1505849429284696102,RED
1505849429388823986,RED
1505849429398766040,RED
1505849429513716936,RED
1505849429699793100,RED
1505849429809699058,RED
1505849429910506010,RED
1505849430019341945,RED
1505849430095385074,RED
1505849430178070068,RED
1505849430211023092,RED
1505849430409554958,RED
1505849430428486108,RED
1505849430518722057,RED
1505849430684976100,RED
1505849430831645965,RED
1505849430911218881,RED
1505849431008410930,RED
1505849431087390899,RED
1505849431124193906,RED
1505849431220762968,RED
1505849431391875982,RED
1505849431476211071,RED
1505849431497483015,RED
1505849431726027011,RED
1505849431816813945,RED
1505849431903933048,RED
1505849432026015996,RED
1505849432193557977,RED
1505849432215725898,RED
1505849432302916049,RED
1505849432420237064,RED
1505849432596221923,RED
1505849432697822093,RED
1505849432704863071,RED
1505849432873969078,RED
1505849432923362970,RED
1505849433014997005,RED
1505849433167315006,RED
1505849433310447931,RED
1505849433400015115,RED
1505849433413839101,RED
1505849433504044055,RED
1505849433724848985,RED
1505849433743029117,RED
1505849433895661115,RED
1505849433994345903,RED
1505849434039850950,RED
1505849434149226903,RED
1505849434289733886,RED
1505849434311857938,RED
1505849434427501916,RED
1505849434595293998,RED
1505849434698383092,RED
1505849434801006078,RED
1505849434867094039,RED
1505849434921979904,RED
1505849435029462099,RED
1505849435114514112,RED
1505849435187263965,RED
1505849435414006948,RED
1505849435502039909,RED
1505849435538687944,RED
1505849435624057054,RED
1505849435724513053,RED
1505849435908236980,RED
1505849436010214090,RED
1505849436026998996,RED
1505849436156670093,RED
1505849436215996980,RED
1505849436341090917,RED
1505849436410034894,RED
1505849436507014989,RED
1505849436709165096,RED
1505849436795555114,RED
1505849436877912998,RED
1505849436979185104,RED
1505849437032490015,RED
1505849437213093996,RED
1505849437258246898,GREEN
1505849437392954111,GREEN
1505849437419975042,GREEN
1505849437494560003,GREEN
1505849437732712984,GREEN
1505849437809259891,GREEN
1505849437839870929,GREEN
1505849437999377012,GREEN
1505849438011784076,GREEN
1505849438160423994,GREEN
1505849438304009914,GREEN
1505849438392729997,GREEN
1505849438415955066,GREEN
1505849438509310960,GREEN
1505849438716386079,GREEN
1505849438799927949,GREEN
1505849438908718109,GREEN
1505849439000492095,GREEN
1505849439014616012,GREEN
1505849439126421928,GREEN
1505849439310436964,GREEN
1505849439337714910,GREEN
1505849439412874937,GREEN
1505849439652990102,GREEN
1505849439732872009,GREEN
1505849439818053007,GREEN
1505849439892544031,GREEN
1505849439923584938,GREEN
1505849440076258897,GREEN
1505849440121165990,GREEN
1505849440224265098,GREEN
1505849440382488965,GREEN
1505849440466310977,GREEN
1505849440648011922,GREEN
1505849440671024084,GREEN
1505849440833029031,GREEN
1505849440905788898,GREEN
1505849440923544883,GREEN
1505849441064224004,GREEN
1505849441122980117,GREEN
1505849441245115995,YELLOW
1505849441330980062,YELLOW
1505849441484447956,YELLOW
1505849441524276018,YELLOW
1505849441732944011,YELLOW
1505849441813678026,YELLOW
1505849441850495100,YELLOW
1505849442012239933,YELLOW
1505849442047980070,YELLOW
1505849442187789916,YELLOW
1505849442230202913,YELLOW
1505849442354026079,YELLOW
1505849442434535980,YELLOW
1505849442587980031,YELLOW
1505849442687895059,YELLOW
1505849442819801092,YELLOW
1505849442910454034,YELLOW
1505849443009673118,YELLOW
1505849443130346059,YELLOW
1505849443308362007,RED
1505849443341425895,RED
1505849443491173028,RED
1505849443603867053,RED
1505849443697614908,RED
1505849443807478904,RED
1505849443952358961,RED
1505849444012491941,RED
1505849444085736036,RED
1505849444151459932,RED
1505849444312767028,RED
1505849444330955028,RED
1505849444494061946,NOLIGHT
1505849444583606004,NOLIGHT
1505849444751271963,NOLIGHT
1505849444846148014,NOLIGHT
1505849444859919071,NOLIGHT
1505849445021617889,NOLIGHT
1505849445202234029,NOLIGHT
1505849445284940004,NOLIGHT
1505849445305130004,NOLIGHT
1505849445428874015,NOLIGHT
1505849445556659936,NOLIGHT
1505849445696255922,NOLIGHT
1505849445718957901,NOLIGHT
1505849445877276897,NOLIGHT
1505849445922272920,NOLIGHT
1505849446055838108,NOLIGHT
1505849446179533958,NOLIGHT
1505849446208993911,NOLIGHT
1505849446402861118,NOLIGHT
1505855705868618965,NOLIGHT
1505855705981204986,NOLIGHT
1505855706175136089,NOLIGHT
1505855706285475969,NOLIGHT
1505855706385175943,NOLIGHT
1505855706499097108,NOLIGHT
1505855706561443090,NOLIGHT
1505855706661617994,NOLIGHT
1505855706752144098,NOLIGHT
1505855706837953090,NOLIGHT
1505855706956115961,NOLIGHT
1505855707146859884,NOLIGHT
1505855707187802076,NOLIGHT
1505855707348647117,NOLIGHT
1505855707415736913,NOLIGHT
1505855707506128072,NOLIGHT
1505855707555933952,NOLIGHT
1505855707741395950,NOLIGHT
1505855707823992013,NOLIGHT
1505855707847842931,NOLIGHT
1505855707963900089,NOLIGHT
1505855708152920961,NOLIGHT
1505855708250135898,NOLIGHT
1505855708290275096,NOLIGHT
1505855708374391078,NOLIGHT
1505855708513261079,NOLIGHT
1505855708557882070,NOLIGHT
1505855708749466896,NOLIGHT
1505855708781294107,NOLIGHT
1505855708851823091,NOLIGHT
1505855709025480985,NOLIGHT
1505855709103461980,NOLIGHT
1505855709252588987,NOLIGHT
1505855709340981006,NOLIGHT
1505855709437508106,NOLIGHT
1505855709448824882,NOLIGHT
1505855709601170063,NOLIGHT
1505855709653625011,NOLIGHT
1505855709834826946,NOLIGHT
1505855709925822019,NOLIGHT
1505855710046174049,NOLIGHT
1505855710143728971,NOLIGHT
1505855710254209995,NOLIGHT
1505855710371860027,NOLIGHT
1505855710445662021,NOLIGHT
1505855710531375885,NOLIGHT
1505855710613450050,NOLIGHT
1505855710712001085,NOLIGHT
1505855710803770065,NOLIGHT
1505855710851279973,NOLIGHT
1505855711038678884,NOLIGHT
1505855711164992094,NOLIGHT
1505855711239830017,NOLIGHT
1505855711317173004,NOLIGHT
1505855711411726951,NOLIGHT
1505855711459007024,NOLIGHT
1505855711579835891,NOLIGHT
1505855711671331882,NOLIGHT
1505855711751754045,NOLIGHT
1505855711909090042,NOLIGHT
1505855712079227924,NOLIGHT
1505855712148087978,NOLIGHT
1505855712174997091,NOLIGHT
1505855712353451013,NOLIGHT
1505855712454153060,NOLIGHT
1505855712517291069,NOLIGHT
1505855712602426052,NOLIGHT
1505855712753716945,NOLIGHT
1505855712760082960,NOLIGHT
1505855712887217998,NOLIGHT
1505855713025247097,NOLIGHT
1505855713035378932,NOLIGHT
1505855713136949062,NOLIGHT
1505855713369128942,NOLIGHT
1505855713450475931,NOLIGHT
1505855713537019968,NOLIGHT
1505855713627192974,NOLIGHT
1505855713714915037,NOLIGHT
1505855713734924077,NOLIGHT
1505855713909987926,NOLIGHT
1505855714065968990,NOLIGHT
1505855714137974023,NOLIGHT
1505855714234194040,NOLIGHT
1505855714348319053,NOLIGHT
1505855714542041063,NOLIGHT
1505855714567612886,NOLIGHT
1505855714725060939,NOLIGHT
1505855714813716888,NOLIGHT
1505855714834021091,NOLIGHT
1505855715058820962,NOLIGHT
1505855715161477088,NOLIGHT
1505855715265943050,NOLIGHT
1505855715350246906,NOLIGHT
1505855715430124044,NOLIGHT
1505855715446881055,NOLIGHT
1505855715545979976,NOLIGHT
1505855715652909994,NOLIGHT
1505855715832891941,NOLIGHT
1505855715850498914,NOLIGHT
1505855716050909042,NOLIGHT
1505855716153023958,NOLIGHT
1505855716246110916,NOLIGHT
1505855716348742961,NOLIGHT
1505855716447455883,NOLIGHT
1505855716473746061,NOLIGHT
1505855716639045000,NOLIGHT
1505855716737948894,NOLIGHT
1505855716745146989,NOLIGHT
1505855716919047117,NOLIGHT
1505855717049773931,NOLIGHT
1505855717143965005,NOLIGHT
1505855717175101995,NOLIGHT
1505855717346959114,NOLIGHT
1505855717430036067,NOLIGHT
1505855717464703083,NOLIGHT
1505855717618170022,NOLIGHT
1505855717647550106,NOLIGHT
1505855717750327110,NOLIGHT
1505855717949558973,NOLIGHT
1505855718049648046,NOLIGHT
1505855718136718034,NOLIGHT
1505855718254013061,NOLIGHT
1505855718364092111,NOLIGHT
1505855718546288967,NOLIGHT
1505855718591706991,NOLIGHT
1505855718730525016,NOLIGHT
1505855718755048990,NOLIGHT
1505855718921267986,NOLIGHT
1505855718971338987,NOLIGHT
1505855719162924051,NOLIGHT
1505855719258526086,NOLIGHT
1505855719368990898,NOLIGHT
1505855719540230035,NOLIGHT
1505855719631477117,NOLIGHT
1505855719653789043,NOLIGHT
1505855719813761949,NOLIGHT
1505855719831816911,NOLIGHT
1505855720055500984,NOLIGHT
1505855720148116111,NOLIGHT
1505855720252768039,NOLIGHT
1505855720350711107,NOLIGHT
1505855720434623956,NOLIGHT
1505855720460222005,NOLIGHT
1505855720579265117,NOLIGHT
1505855720758711099,NOLIGHT
1505855720769467115,NOLIGHT
1505855720976810932,NOLIGHT
1505855721017867088,NOLIGHT
1505855721177728891,NOLIGHT
1505855721274916887,NOLIGHT
1505855721350558996,NOLIGHT
1505855721512361049,NOLIGHT
1505855721599292993,NOLIGHT
1505855721650022983,NOLIGHT
1505855721763392925,NOLIGHT
1505855721861006975,NOLIGHT
1505855722041104078,NOLIGHT
1505855722133613109,NOLIGHT
1505855722215225934,NOLIGHT
1505855722366298913,NOLIGHT
1505855722469116926,NOLIGHT
1505855722546642065,NOLIGHT
1505855722557981014,NOLIGHT
1505855722668822050,NOLIGHT
1505855722749459028,NOLIGHT
1505855722920172929,NOLIGHT
1505855722967864036,NOLIGHT
1505855723099039077,NOLIGHT
1505855723255860090,NOLIGHT
1505855723366400957,NOLIGHT
1505855723372431993,NOLIGHT
1505855723473911046,NOLIGHT
1505855723612895011,NOLIGHT
1505855723657232046,NOLIGHT
1505855723850954055,NOLIGHT
1505855723969249963,NOLIGHT
1505855724014733076,NOLIGHT
1505855724199935913,NOLIGHT
1505855724235157012,NOLIGHT
1505855724403274059,NOLIGHT
1505855724436853885,NOLIGHT
1505855724545367002,NOLIGHT
1505855724615298986,NOLIGHT
1505855724703918933,NOLIGHT
1505855724835191965,NOLIGHT
1505855724856825113,NOLIGHT
1505855725119720935,NOLIGHT
1505855725198874950,NOLIGHT
1505855725298821926,NOLIGHT
1505855725374669075,NOLIGHT
1505855725451978921,NOLIGHT
1505855725528039932,NOLIGHT
1505855725537683963,NOLIGHT
1505855725654465913,NOLIGHT
1505855725777224063,NOLIGHT
1505855725873048067,NOLIGHT
1505855726071954011,NOLIGHT
1505855726143520116,NOLIGHT
1505855726248682022,NOLIGHT
1505855726353863954,NOLIGHT
1505855726396493911,NOLIGHT
1505855726526108026,NOLIGHT
1505855726551656007,NOLIGHT
1505855726751091003,NOLIGHT
1505855726772443056,NOLIGHT
1505855726872623920,NOLIGHT
1505855727060271978,NOLIGHT
1505855727124417066,NOLIGHT
1505855727152827024,NOLIGHT
1505855727299220085,NOLIGHT
1505855727471887111,NOLIGHT
1505855727486964941,NOLIGHT
1505855727583194017,NOLIGHT
1505855727745315074,NOLIGHT
1505855727765558004,NOLIGHT
1505855727861957073,NOLIGHT
1505855728056214094,NOLIGHT
1505855728086678028,NOLIGHT
1505855728280355930,NOLIGHT
1505855728364514112,NOLIGHT
1505855728381493091,NOLIGHT
1505855728491055011,NOLIGHT
1505855728583939075,NOLIGHT
1505855728769304037,NOLIGHT
1505855728956162929,NOLIGHT
1505855728958914995,NOLIGHT
1505855729160895109,NOLIGHT
1505855729457693099,NOLIGHT
1505855729482235908,NOLIGHT
1505855729548332929,NOLIGHT
1505855729592834949,NOLIGHT
1505855729734460115,NOLIGHT
1505855729874135017,NOLIGHT
1505855729911042928,NOLIGHT
1505855730100769996,NOLIGHT
1505855730230654954,NOLIGHT
1505855730331937074,NOLIGHT
1505855730439287900,NOLIGHT
1505855730532932996,NOLIGHT
1505855730621046066,NOLIGHT
1505855730712836980,NOLIGHT
1505855730859709978,NOLIGHT
1505855730865720987,NOLIGHT
1505855731104479074,NOLIGHT
1505855731181801080,NOLIGHT
1505855731213215112,NOLIGHT
1505855731401817083,NOLIGHT
1505855731473431110,NOLIGHT
1505855731507814884,NOLIGHT
1505855731587877988,NOLIGHT
1505855731683305025,NOLIGHT
1505855731837165117,NOLIGHT
1505855731940198898,NOLIGHT
1505855732053481101,NOLIGHT
1505855732213713884,NOLIGHT
1505855732271716117,NOLIGHT
1505855732301522970,NOLIGHT
1505855732459146022,NOLIGHT
1505855732503757953,NOLIGHT
1505855732641940116,NOLIGHT
1505855732664752006,NOLIGHT
1505855732760251045,NOLIGHT
1505855732872311115,NOLIGHT
1505855732965601921,NOLIGHT
1505855733112859010,NOLIGHT
1505855733290271043,NOLIGHT
1505855733394925117,NOLIGHT
1505855733479981899,NOLIGHT
1505855733501152992,NOLIGHT
1505855733572928905,NOLIGHT
1505855733735630035,NOLIGHT
1505855733825336933,NOLIGHT
1505855733845005989,NOLIGHT
1505855734058938980,NOLIGHT
1505855734185039043,NOLIGHT
1505855734317696094,NOLIGHT
1505855734352061986,NOLIGHT
1505855734432214021,NOLIGHT
1505855734515619993,NOLIGHT
1505855734676887989,NOLIGHT
1505855734697261095,NOLIGHT
1505855734851567983,NOLIGHT
1505855734873256921,NOLIGHT
1505855735061717987,NOLIGHT
1505855735153816938,NOLIGHT
1505855735242590904,NOLIGHT
1505855735340517044,NOLIGHT
1505855735465970039,NOLIGHT
1505855735551125049,NOLIGHT
1505855735578150987,NOLIGHT
1505855735773555994,NOLIGHT
1505855735866465091,NOLIGHT
1505855735898962020,NOLIGHT
1505855736008629083,NOLIGHT
1505855736186033010,NOLIGHT
1505855736414201021,NOLIGHT
1505855736475212097,NOLIGHT
1505855736536672115,NOLIGHT
1505855736555835962,NOLIGHT
1505855736661540031,NOLIGHT
1505855736779558897,NOLIGHT
1505855736943404912,NOLIGHT
1505855736964611053,NOLIGHT
1505855737133961915,NOLIGHT
1505855737227473020,NOLIGHT
1505855737332457065,NOLIGHT
1505855737429502010,NOLIGHT
1505855737514626026,NOLIGHT
1505855737656326055,NOLIGHT
1505855737746742963,NOLIGHT
1505855737840861082,NOLIGHT
1505855737863675117,NOLIGHT
1505855738068640947,NOLIGHT
1505855738144519090,NOLIGHT
1505855738254082918,NOLIGHT
1505855738359070062,NOLIGHT
1505855738430716991,NOLIGHT
1505855738512188911,NOLIGHT
1505855738539058923,NOLIGHT
1505855738653044939,NOLIGHT
1505855738819633960,NOLIGHT
1505855738839138031,NOLIGHT
1505855738970259904,NOLIGHT
1505855739131534099,NOLIGHT
1505855739211747884,NOLIGHT
1505855739347552061,NOLIGHT
1505855739377027988,NOLIGHT
1505855739472237110,NOLIGHT
1505855739609038114,NOLIGHT
1505855739631679058,NOLIGHT
1505855739745462894,NOLIGHT
1505857950190557003,RED
1505857950306564092,RED
1505857950523139953,RED
1505857950655901908,RED
1505857950772427082,RED
1505857950834728956,RED
1505857950899707078,RED
1505857951015333890,RED
1505857951034742116,RED
1505857951121781110,RED
1505857951194386005,RED
1505857951392978906,RED
1505857951515312910,RED
1505857951602641105,RED
1505857951681436061,RED
1505857951780611038,RED
1505857951816946029,RED
1505857952001828908,RED
1505857952025964975,RED
1505857952183784008,RED
1505857952201066017,RED
1505857952322752952,RED
1505857952485819101,RED
1505857952603888034,RED
1505857952631540060,RED
1505857952787502050,RED
1505857952860615968,RED
1505857952887645959,RED
1505857953087424993,RED
1505857953116663932,RED
1505857953254183053,RED
1505857953420345067,RED
1505857953472659111,RED
1505857953592758893,RED
1505857953607094049,RED
1505857953723701000,RED
1505857953829890966,RED
1505857953892868995,RED
1505857954071990966,RED
1505857954188647985,RED
1505857954209752082,RED
1505857954437104940,RED
1505857954524883985,RED
1505857954629148960,RED
1505857954694665908,RED
1505857954721781969,RED
1505857954929430007,RED
1505857954994164943,RED
1505857955075295925,GREEN
1505857955193741083,GREEN
1505857955333390951,GREEN
1505857955433696031,GREEN
1505857955512109041,GREEN
1505857955549482107,GREEN
1505857955628283023,GREEN
1505857955717036008,GREEN
1505857955881587982,GREEN
1505857955900649070,GREEN
1505857956070657968,GREEN
1505857956092643976,GREEN
1505857956201828956,GREEN
1505857956332673072,GREEN
1505857956506867885,GREEN
1505857956614859104,GREEN
1505857956717892885,GREEN
1505857956818139076,GREEN
1505857956971586942,GREEN
1505857957055478096,GREEN
1505857957083255052,GREEN
1505857957289293050,GREEN
1505857957445359945,GREEN
1505857957544284105,GREEN
1505857957632730960,GREEN
1505857957709379911,GREEN
1505857957811564922,GREEN
1505857957912152051,GREEN
1505857957988898992,GREEN
1505857958014111995,GREEN
1505857958094192981,GREEN
1505857958204334020,GREEN
1505857958417818069,GREEN
1505857958496052980,GREEN
1505857958574110031,GREEN
1505857958699721097,GREEN
1505857958810008049,GREEN
1505857958831913948,GREEN
1505857959010580062,GREEN
1505857959087898969,YELLOW
1505857959111685037,YELLOW
1505857959337364912,YELLOW
1505857959358603954,YELLOW
1505857959523756027,YELLOW
1505857959628954887,YELLOW
1505857959727675914,YELLOW
1505857959755712985,YELLOW
1505857959829055070,YELLOW
1505857960004684925,YELLOW
1505857960028264999,YELLOW
1505857960195580959,YELLOW
1505857960276539087,YELLOW
1505857960396786928,YELLOW
1505857960522066116,YELLOW
1505857960633132934,YELLOW
1505857960657401084,YELLOW
1505857960786047935,YELLOW
1505857960814507007,YELLOW
1505857960925050973,YELLOW
1505857961101829051,YELLOW
1505857961176304101,RED
1505857961322966098,RED
1505857961356528997,RED
1505857961555653095,RED
1505857961596937894,RED
1505857961728962898,RED
1505857961834916114,RED
1505857961898948907,RED
1505857961984106063,RED
1505857962105798959,RED
1505857962230148077,RED
1505857962262829065,RED
1505857962416131973,RED
1505857962513941049,RED
1505857962665011882,RED
1505857962763128995,RED
1505857962821480035,RED
1505857962843883037,RED
1505857962939028024,RED
1505857963063546895,RED
1505857963144510984,RED
1505857963343987941,RED
1505857963444993019,RED
1505857963536914110,RED
1505857963657156944,RED
1505857963820949077,RED
1505857963909023046,RED
1505857963912365913,RED
1505857964048602104,RED
1505857964168797969,RED
1505857964242831945,RED
1505857964353900909,RED
1505857964477516889,RED
1505857964567615985,RED
1505857964656028985,RED
1505857964753159046,RED
1505857964857278108,RED
1505857964934201955,RED
1505857965117911100,RED
1505857965243196010,RED
1505857965345427989,RED
1505857965417459964,RED
1505857965553098917,RED
1505857965635441064,RED
1505857965712351083,RED
1505857965837671995,RED
1505857965861185073,RED
1505857965989495038,RED
1505857966016208887,RED
1505857966243218898,RED
1505857966316816091,RED
1505857966340158939,RED
1505857966560224056,RED
1505857966663630008,RED
1505857966694973945,RED
1505857966845633029,RED
1505857966920488119,RED
1505857966950391054,RED
1505857967036525964,RED
1505857967230134963,RED
1505857967248914003,RED
1505857967484540939,RED
1505857967560286045,RED
1505857967685997962,RED
1505857967714158058,RED
1505857967850908041,RED
1505857967878046989,RED
1505857967956718921,RED
1505857968135914087,RED
1505857968139368057,RED
1505857968366367101,RED
1505857968449767112,RED
1505857968575526952,RED
1505857968663388013,RED
1505857968745059967,RED
1505857968768760919,RED
1505857968947690963,RED
1505857969129858970,RED
1505857969236036062,NOLIGHT
1505857969402173042,NOLIGHT
1505857969477276086,NOLIGHT
1505857969574462890,NOLIGHT
1505857969655566930,NOLIGHT
1505857969753601074,NOLIGHT
1505857969772288084,NOLIGHT
1505857969925694942,NOLIGHT
1505857969947195053,NOLIGHT
1505857970158655881,NOLIGHT
1505857970162714004,NOLIGHT
1505857970375013113,NOLIGHT
1505857970437588930,NOLIGHT
1505857970588016033,NOLIGHT
1505857970631795883,NOLIGHT
1505857970704490900,NOLIGHT
1505857970779320955,NOLIGHT
1505857970847773075,NOLIGHT
1505857970974329948,NOLIGHT
1505857971173084020,NOLIGHT
1505857971190088987,NOLIGHT
1505857971335866928,NOLIGHT
1505857971479295969,NOLIGHT
1505857971573788881,NOLIGHT
1505857971609369039,NOLIGHT
1505857971749063014,NOLIGHT
1505857971826829910,NOLIGHT
1505857971840641975,NOLIGHT
1505857972039875984,NOLIGHT
1505857972053205013,NOLIGHT
1505857972213485002,NOLIGHT
1505857972225049018,NOLIGHT
1505857972457287073,NOLIGHT
1505857972578943967,NOLIGHT
1505857972639717102,NOLIGHT
1505857972672080993,NOLIGHT
1505857972766275882,NOLIGHT
1505857972923774003,NOLIGHT
1505857973054236888,NOLIGHT
1505857973073524951,NOLIGHT
1505857973146806001,NOLIGHT
1505857973239388942,NOLIGHT
1505857973466202020,NOLIGHT
1505857973540165901,NOLIGHT
1505857973670896053,NOLIGHT
1505857973772042989,NOLIGHT
1505857973854504108,NOLIGHT
1505857973942878961,NOLIGHT
1505857974019588947,NOLIGHT
1505857974136799097,NOLIGHT
1505857974224515914,NOLIGHT
1505857974354003906,NOLIGHT
1505857974569333076,NOLIGHT
1505857974646148920,NOLIGHT
1505857974676852941,NOLIGHT
1505857974808527946,NOLIGHT
1505857974821094036,NOLIGHT
1505857975045057058,NOLIGHT
1505857975068487882,NOLIGHT
1505857975144114971,NOLIGHT
1505857975386229038,NOLIGHT
1505857975501894950,NOLIGHT
1505857975580718040,NOLIGHT
1505857975713891029,NOLIGHT
1505857975804809093,NOLIGHT
1505857975906456947,NOLIGHT
1505857975991308927,NOLIGHT
1505857976082824945,NOLIGHT
1505858457408639907,NOLIGHT
1505858457529222965,NOLIGHT
1505858457648143053,NOLIGHT
1505858457699536085,NOLIGHT
1505858457759742975,NOLIGHT
1505858457780566930,NOLIGHT
1505858457979015111,NOLIGHT
1505858457999541997,NOLIGHT
1505858458213198900,NOLIGHT
1505858458236721992,NOLIGHT
1505858458366017103,NOLIGHT
1505858458449338912,NOLIGHT
1505858458563457012,NOLIGHT
1505858458588543891,NOLIGHT
1505858458695657968,NOLIGHT
1505858458816632986,NOLIGHT
1505858458925790071,RED
1505858459085516929,RED
1505858459096113920,RED
1505858459280142068,RED
1505858459390065908,RED
1505858459517828941,RED
1505858459605995893,RED
1505858459650369882,RED
1505858459683551073,RED
1505858459872937917,RED
1505858459903100967,RED
1505858460107824087,RED
1505858460156734943,RED
1505858460189351081,RED
1505858460349364995,RED
1505858460486531972,RED
1505858460492805957,RED
1505858460606086969,RED
1505858460702928066,RED
1505858460812611103,RED
1505858460935079097,RED
1505858460998126029,RED
1505858461077753067,RED
1505858461277246952,RED
1505858461395432949,RED
1505858461496922969,RED
1505858461616040945,RED
1505858461637547969,RED
1505858461688168048,RED
1505858461851598978,RED
1505858461959536075,RED
1505858461980957031,RED
1505858462087963104,RED
1505858462214428901,RED
1505858462315912008,RED
1505858462448110103,RED
1505858462545315980,RED
1505858462665805101,RED
1505858462676878929,RED
1505858462770860910,RED
1505858462869297027,RED
1505858462977957010,RED
1505858463085174083,RED
1505858463290009975,RED
1505858463499686956,RED
1505858463613293886,RED
1505858463702128887,RED
1505858463722003936,RED
1505858463784565925,RED
1505858463869739055,RED
1505858463968105077,RED
1505858464067909955,RED
1505858464256969928,RED
1505858464361005067,RED
1505858464464168071,RED
1505858464503617048,RED
1505858464597491025,RED
1505858464707125902,RED
1505858464807315111,RED
1505858464919982910,RED
1505858465035909891,RED
1505858465100475072,RED
1505858465161792039,RED
1505858465364871978,RED
1505858465455131053,RED
1505858465581626892,RED
1505858465684170007,RED
1505858465793654918,RED
1505858465901483058,RED
1505858466101207971,RED
1505858466127065896,RED
1505858466243473052,RED
1505858466308187961,RED
1505858466476726055,RED
1505858466593091011,RED
1505858466614945888,RED
1505858466772932052,RED
1505858466801929950,RED
1505858466922437906,RED
1505858467055901050,RED
1505858467134720087,RED
1505858467241976022,RED
1505858467278567075,RED
1505858467369712114,RED
1505858467497621059,RED
1505858467672132968,RED
1505858467771974086,RED
1505858467874803066,RED
1505858467901792049,RED
1505858468007941007,RED
1505858468119179010,RED
1505858468231389045,RED
1505858468336801052,RED
1505858468466227054,RED
1505858468598360061,RED
1505858468677741050,RED
1505858468780735969,RED
1505858468885751008,RED
1505858469001919031,GREEN
1505858469101494073,GREEN
1505858469319351911,GREEN
1505858469412050962,GREEN
1505858469528743982,GREEN
1505858469600725889,GREEN
1505858469752080917,GREEN
1505858469776341915,GREEN
1505858469883580923,GREEN
1505858470004430055,GREEN
1505858470098129987,GREEN
1505858470213140964,GREEN
1505858470420753002,GREEN
1505858470487958908,GREEN
1505858470552143096,GREEN
1505858470570580959,GREEN
1505858470664350032,GREEN
1505858470844855070,GREEN
1505858470873131990,GREEN
1505858471054152965,GREEN
1505858471080171108,GREEN
1505858471274008035,GREEN
1505858471366329908,GREEN
1505858471475169897,GREEN
1505858471516093015,GREEN
1505858471615401983,GREEN
1505858471713550090,GREEN
1505858471811094045,GREEN
1505858471934819936,NOLIGHT
1505858471989156961,GREEN
1505858472151592969,GREEN
1505858472181380033,GREEN
1505858472361466884,GREEN
1505858472404388904,GREEN
1505858472507960081,GREEN
1505858472683852910,GREEN
1505858472700273990,GREEN
1505858472801587104,GREEN
1505858472935518026,GREEN
1505858473024516105,YELLOW
1505858473156559944,YELLOW
1505858473206424951,YELLOW
1505858473350368976,YELLOW
1505858473372410058,YELLOW
1505858473488554954,YELLOW
1505858473587610960,YELLOW
1505858473767091989,YELLOW
1505858473871176958,YELLOW
1505858473976340055,YELLOW
1505858474083759069,YELLOW
1505858474102922916,YELLOW
1505858474311697006,YELLOW
1505858474378057003,YELLOW
1505858474463372945,YELLOW
1505858474538705110,YELLOW
1505858474579740047,YELLOW
1505858474747157096,YELLOW
1505858474778820037,YELLOW
1505858474879889011,YELLOW
1505858474992074012,YELLOW
1505858475095487117,RED
1505858475213835000,RED
1505858475401190042,RED
1505858475461551904,RED
1505858475555175065,RED
1505858475645533084,RED
1505858475687326908,RED
1505858475780543088,RED
1505858475889599084,RED
1505858475984041929,RED
1505858476172415018,RED
1505858476292340993,RED
1505858476423341989,RED
1505858476500144004,RED
1505858476574237108,RED
1505858476602983951,RED
1505858476740817070,RED
1505858476775425910,RED
1505858476882103919,RED
1505858477061639070,RED
1505858477085809946,RED
1505858477319000005,RED
1505858477382097959,RED
1505858477502636909,RED
1505858477544363021,RED
1505858477636588096,RED
1505858477697730064,RED
1505858477854176044,RED
1505858477880224943,RED
1505858477981479883,RED
1505858478094729900,RED
1505858478281965970,RED
1505858478398531913,RED
1505858478496825933,RED
1505858478506241083,RED
1505858478622172117,RED
1505858478768285036,RED
1505858478791661977,RED
1505858478868664026,RED
1505858478976608991,RED
1505858479154860973,RED
1505858479261583089,RED
1505858479289788961,RED
1505858479496512889,RED
1505858479592818975,RED
1505858479693370103,RED
1505858479717497110,RED
1505858479827454090,RED
1505858479885756969,RED
1505858480037453889,RED
1505858480068742036,RED
1505858480172317981,RED
1505858480284934997,RED
1505858480472434997,RED
1505858480628338098,RED
1505858480668013095,RED
1505858480725610971,RED
1505858480822092056,RED
1505858480931612014,RED
1505858480983515977,RED
1505858481062844038,RED
1505858481178632020,RED
1505858481352046966,RED
1505858481491837024,RED
1505858481579014062,RED
1505858481690154075,RED
1505858481796801090,RED
1505858481915052890,RED
1505858481967277050,RED
1505858482038825988,RED
1505858482076004981,RED
1505858482277760982,RED
1505858482377341032,RED
1505858482395802021,RED
1505858482589680910,RED
1505858482704730033,RED
1505858482726589918,RED
1505858482802633047,RED
1505858482943341970,RED
1505858482977129936,RED
1505858483177925109,RED
1505858483286305904,RED
1505858483320151090,RED
1505858483514483928,RED
1505858483550224065,RED
1505858483642277956,RED
1505858483668780088,RED
1505858483856148004,RED
1505858483963773965,RED
1505858483984462976,RED
1505858484098604917,RED
1505858484227103948,RED
1505858484422758102,RED
1505858484504663944,RED
1505858484599602937,RED
1505858484671345949,RED
1505858484775707960,RED
1505858484892570972,RED
1505858485026689052,RED
1505858485033863067,RED
1505858485104396104,RED
1505858485204806089,RED
1505858485393939018,RED
1505858485559206008,RED
1505858485649418115,RED
1505858485720685958,RED
1505858485795085906,RED
1505858485937176942,RED
1505858485953208923,RED
1505858486083647012,RED
1505858486213571071,RED
1505858486355295896,NOLIGHT
1505858486413836956,NOLIGHT
1505858486492305994,NOLIGHT
1505858486525196075,NOLIGHT
1505858486632852077,NOLIGHT
1505858486747706890,NOLIGHT
1505858486884141921,NOLIGHT
1505858486909331083,NOLIGHT
1505858487150046110,NOLIGHT
1505858487180429935,NOLIGHT
1505858487253674983,NOLIGHT
1505858487454685926,NOLIGHT
1505858487543617963,NOLIGHT
1505858487628938913,NOLIGHT
1505858487761785984,NOLIGHT
1505858487825171947,NOLIGHT
1505858487851022958,NOLIGHT
1505858487959598064,NOLIGHT
1505858488042102098,NOLIGHT
1505858488242316007,NOLIGHT
1505858488265400886,NOLIGHT
1505858488357907056,NOLIGHT
1505858488525346040,NOLIGHT
1505858488604948043,NOLIGHT
1505858488705990076,NOLIGHT
1505858488792958021,NOLIGHT
1505858488978375911,NOLIGHT
1505858489100069999,NOLIGHT
1505858489122272014,NOLIGHT
1505858489295578002,NOLIGHT
1505858489318089962,NOLIGHT
1505858489521056890,NOLIGHT
1505858489643291950,NOLIGHT
1505858489807619094,NOLIGHT
1505858489900053024,NOLIGHT
1505858490021647930,NOLIGHT
1505858490091517925,NOLIGHT
1505858490174231052,NOLIGHT
1505858490304915904,NOLIGHT
1505858490429729938,NOLIGHT
1505858490514363050,NOLIGHT
1505858490608328104,NOLIGHT
1505858490705488920,NOLIGHT
1505858490831365108,NOLIGHT
1505858490851257085,NOLIGHT
1505858490929764986,NOLIGHT
1505858491096982002,NOLIGHT
1505858491114556074,NOLIGHT
1505858491336786031,NOLIGHT
1505858491375793933,NOLIGHT
1505858491523854017,NOLIGHT
1505858491601835966,NOLIGHT
1505858491713696956,NOLIGHT
1505858491733581066,NOLIGHT
1505858491840351104,NOLIGHT
1505858491955956935,NOLIGHT
1505858492073452949,NOLIGHT
1505858492094459056,NOLIGHT
1505858492299098014,NOLIGHT
1505858492425621986,NOLIGHT
1505858492506516933,NOLIGHT
1505858492648575067,NOLIGHT
1505858492816061019,NOLIGHT
1505858492871021986,NOLIGHT
1505858492954855918,NOLIGHT
1505858492980514049,NOLIGHT
1505858493176810979,NOLIGHT
1505858493216464042,NOLIGHT
1505858493417146921,NOLIGHT
1505858493538119077,NOLIGHT
1505858493566193103,NOLIGHT
1505858493685808897,NOLIGHT
1505858493712337970,NOLIGHT
1505858493888078927,NOLIGHT
1505858493904787063,NOLIGHT
1505858494018879890,NOLIGHT
1505858494176582098,NOLIGHT
1505858494216442108,NOLIGHT
1505858494293664932,NOLIGHT
1505858494425096988,NOLIGHT
1505858494621864080,NOLIGHT
1505858494794666051,NOLIGHT
1505858494863226890,NOLIGHT
1505858494902729988,NOLIGHT
1505858495001763105,NOLIGHT
1505858495101916074,NOLIGHT
1505858495236305952,NOLIGHT
1505858495437789916,NOLIGHT
1505858495582762002,NOLIGHT
1505858495689117908,NOLIGHT
1505858495709342002,NOLIGHT
1505858495818011045,NOLIGHT
1505858495930809974,NOLIGHT
1505858496060205936,NOLIGHT
1505858496170912027,NOLIGHT
1505858496201642036,NOLIGHT
1505858496327313899,NOLIGHT
1505858496511090040,NOLIGHT
1505858496596174001,NOLIGHT
1505858496689302921,NOLIGHT
1505858496769339084,NOLIGHT
1505858496787823915,NOLIGHT
1505858496901613950,NOLIGHT
1505858497020962953,NOLIGHT
1505858497250456094,NOLIGHT
1505858497277367115,NOLIGHT
1505858497409427881,NOLIGHT
1505858497480863094,NOLIGHT
1505858497507766962,NOLIGHT
1505858497619925975,NOLIGHT
1505858497823694944,NOLIGHT
1505858497889149904,NOLIGHT
1505858497967703104,NOLIGHT
1505858497986304998,NOLIGHT
1505858498202236890,NOLIGHT
1505858498338094949,NOLIGHT
1505858498424199104,NOLIGHT
1505858498506401062,NOLIGHT
1505858498587943077,NOLIGHT
1505858498706079006,NOLIGHT
1505858498819111108,NOLIGHT
1505858498873456001,NOLIGHT
1505858498958456993,NOLIGHT
1505858499065979003,NOLIGHT
1505858499096803903,NOLIGHT
1505858499225554943,NOLIGHT
1505858499421128988,NOLIGHT
1505858499429359912,NOLIGHT
1505858499541876077,NOLIGHT
1505858499599029064,NOLIGHT
1505858499760019063,NOLIGHT
1505858499788338899,NOLIGHT
1505858499896399021,NOLIGHT
1505858500008322000,NOLIGHT
1505858500135570049,NOLIGHT
1505858500338159084,NOLIGHT
1505858500418123960,NOLIGHT
1505858500597603082,NOLIGHT
1505858500632178068,NOLIGHT
1505858500728157997,NOLIGHT
1505858500857131004,NOLIGHT
1505858500867943048,NOLIGHT
1505858501066363096,NOLIGHT
1505858501180852890,NOLIGHT
1505858501301346063,NOLIGHT
1505858501431106090,NOLIGHT
1505858501515757083,NOLIGHT
1505858501614418983,NOLIGHT
1505858501676744937,NOLIGHT
1505858501779583930,NOLIGHT
1505858501804523944,NOLIGHT
1505858502004735946,NOLIGHT
1505858502025990962,NOLIGHT
1505858502083363056,NOLIGHT
1505858502174765110,NOLIGHT
1505858502352054119,NOLIGHT
1505858502380757093,NOLIGHT
1505858502568983078,NOLIGHT
1505858502606266021,NOLIGHT
1505858502709161996,NOLIGHT
1505858502801780939,NOLIGHT
1505858502991884946,NOLIGHT
1505858503097172975,NOLIGHT
1505858503215457916,NOLIGHT
1505858503291557073,NOLIGHT
1505858503362888097,NOLIGHT
1505858503389578104,NOLIGHT
1505858503499593019,NOLIGHT
1505858503587853908,NOLIGHT
1505858503681231975,NOLIGHT
1505858503796479940,NOLIGHT
1505858503907627105,NOLIGHT
1505858504093473911,NOLIGHT
1505858504118015050,NOLIGHT
1505858504261781930,NOLIGHT
1505858504424035072,NOLIGHT
1505858599373047113,RED
1505858599608314990,RED
1505858599766871929,RED
1505858599965996980,RED
1505858600049698114,RED
1505858600109034061,RED
1505858600193223953,RED
1505858600216250896,RED
1505858600404100894,RED
1505858600475141048,RED
1505858600619299888,RED
1505858600743153095,RED
1505858600836340904,RED
1505858600938086986,RED
1505858601009726047,RED
1505858601082771062,RED
1505858601197948932,RED
1505858601227447986,RED
1505858601347450971,RED
1505858601499695062,RED
1505858601602250099,RED
1505858601644330978,RED
1505858601734819889,RED
1505858601872345924,RED
1505858601948028087,RED
1505858602023941040,RED
1505858602125700950,RED
1505858602300582885,RED
1505858602332117080,RED
1505858602421350002,RED
1505858602623512983,RED
1505858602740691900,RED
1505858602817761898,RED
1505858602825758934,RED
1505858602923340082,RED
1505858603129303932,RED
1505858603207314968,RED
1505858603290247917,RED
1505858603313637971,RED
1505858603518711090,RED
1505858603637094020,RED
1505858603675093889,RED
1505858603839993953,RED
1505858603901129961,RED
1505858604015146970,RED
1505858604134187936,RED
1505858604211850881,RED
1505858604236052036,RED
1505858604312139034,RED
1505858604529927968,RED
1505858604618578910,RED
1505858604715764045,RED
1505858604799423933,RED
1505858604823113918,RED
1505858605025597095,RED
1505858605101685047,RED
1505858605177814006,RED
1505858605285012960,RED
1505858605424026012,RED
1505858605521696090,RED
1505858605573427915,RED
1505858605653069019,RED
1505858605734935045,RED
1505858605833352088,RED
1505858606035511970,RED
1505858606056617021,RED
1505858606132407903,RED
1505858606211776971,RED
1505858606323978900,RED
1505858606533585071,RED
1505858606655699014,RED
1505858606725502967,RED
1505858606824381113,RED
1505858606849391937,RED
1505858606954803943,RED
1505858607118211984,RED
1505858607204591035,RED
1505858607300371885,RED
1505858607315953969,RED
1505858607563390970,RED
1505858607569943904,RED
1505858607664067029,RED
1505858607864649057,RED
1505858607936506986,RED
1505858608020849943,RED
1505858608086904048,RED
1505858608205713033,RED
1505858608321135997,RED
1505858608340245008,RED
1505858608514282941,RED
1505858608593342065,RED
1505858608705410003,RED
1505858608840334892,RED
1505858608858534097,RED
1505858608995048999,RED
1505858609089282035,RED
1505858609117146968,RED
1505858609227408885,RED
1505858609337050914,RED
1505858609513792037,RED
1505858609604510068,RED
1505858609636713027,RED
1505858609832885980,RED
1505858609930938005,RED
1505858610008907079,RED
1505858610023605108,RED
1505858610179507017,RED
1505858610202997922,RED
1505858610395869970,RED
1505858610511396884,RED
1505858610641434907,RED
1505858610698420047,RED
1505858610779309034,RED
1505858610798887014,RED
1505858610978233098,RED
1505858611095293045,RED
1505858611200535058,RED
1505858611311722040,GREEN
1505858611336592912,GREEN
1505858611548554897,GREEN
1505858611596692085,GREEN
1505858611679677009,GREEN
1505858611702378034,GREEN
1505858611882865905,GREEN
1505858611917139053,GREEN
1505858612094202995,GREEN
1505858612195416927,GREEN
1505858612220422983,GREEN
1505858612423100948,GREEN
1505858612515218019,GREEN
1505858612544706106,GREEN
1505858612687939882,GREEN
1505858612776487112,GREEN
1505858612891849994,GREEN
1505858612985846996,GREEN
1505858613098455905,GREEN
1505858613271449089,GREEN
1505858613375906944,GREEN
1505858613398684024,GREEN
1505858613602418899,GREEN
1505858613694895982,GREEN
1505858613802342891,GREEN
1505858613828474998,GREEN
1505858613926121950,GREEN
1505858614067348957,GREEN
1505858614163671970,GREEN
1505858614328938961,GREEN
1505858614347887992,GREEN
1505858614532529115,GREEN
1505858614661864995,GREEN
1505858614796258926,GREEN
1505858614933789014,GREEN
1505858615032877922,GREEN
1505858615128225088,GREEN
1505858615227287054,GREEN
1505858615325846910,YELLOW
1505858615455874919,YELLOW
1505858615543330907,YELLOW
1505858615641277074,YELLOW
1505858615680610895,YELLOW
1505858615839886903,YELLOW
1505858615919744014,YELLOW
1505858615943325042,YELLOW
1505858616045909881,YELLOW
1505858616144891977,YELLOW
1505858616362025022,YELLOW
1505858616383238077,YELLOW
1505858616565042018,YELLOW
1505858616609565019,YELLOW
1505858616784195899,YELLOW
1505858616853518962,YELLOW
1505858616878873109,YELLOW
1505858616966372013,YELLOW
1505858617124929904,YELLOW
1505858617141391992,YELLOW
1505858617238657951,YELLOW
1505858617370171070,RED
1505858617486568927,RED
1505858617652872085,RED
1505858617756165027,RED
1505858617870352983,RED
1505858617951791048,RED
1505858618049467086,RED
1505858618139624118,RED
1505858618359230995,RED
1505858618377388954,RED
1505858618568257093,RED
1505858618656642913,RED
1505858618750885009,RED
1505858618793454885,RED
1505858618941076040,RED
1505858618966042041,RED
1505858619137680053,RED
1505858619230576992,RED
1505858619261868000,RED
1505858619427567005,RED
1505858619528386116,RED
1505858619624795913,RED
1505858619755532979,RED
1505858619848809957,RED
1505858619942619085,RED
1505858619970763921,NOLIGHT
1505858620159197092,NOLIGHT
1505858620264158010,NOLIGHT
1505858620363570928,NOLIGHT
1505858620393882036,NOLIGHT
1505858620605614900,NOLIGHT
1505858620694395065,NOLIGHT
1505858620799271106,NOLIGHT
1505858620905364036,NOLIGHT
1505858620949697971,NOLIGHT
1505858620971580028,NOLIGHT
1505858621140968084,NOLIGHT
1505858621163603067,NOLIGHT
1505858621264631986,NOLIGHT
1505858621366797924,NOLIGHT
1505858621540556907,NOLIGHT
1505858621619762897,NOLIGHT
1505858621751846075,NOLIGHT
1505858621841197967,NOLIGHT
1505858621868731021,NOLIGHT
1505858621938700914,NOLIGHT
1505858622085217952,NOLIGHT
1505858622260571002,NOLIGHT
1505858622292304039,NOLIGHT
1505858622366592884,NOLIGHT
1505858622470244884,NOLIGHT
1505858622630086898,NOLIGHT
1505858622710947990,NOLIGHT
1505858622858534097,NOLIGHT
1505858622970753908,NOLIGHT
1505858623035147905,NOLIGHT
1505858623132293939,NOLIGHT
1505858623329334974,NOLIGHT
1505858623354032039,NOLIGHT
1505858623463728904,NOLIGHT
1505858623567754983,NOLIGHT
1505858623751771926,NOLIGHT
1505858623861804008,NOLIGHT
1505858623927058935,NOLIGHT
1505858624014375925,NOLIGHT
1505858624037425994,NOLIGHT
1505858624168433904,NOLIGHT
1505858624266036987,NOLIGHT
1505858624384797096,NOLIGHT
1505858624475744962,NOLIGHT
1505858624633093118,NOLIGHT
1505858624720966100,NOLIGHT
1505858624846966028,NOLIGHT
1505858624873236894,NOLIGHT
1505858625023039102,NOLIGHT
1505858625039160013,NOLIGHT
1505858625245269060,NOLIGHT
1505858625275410890,NOLIGHT
